advertisement;author
Row 7_Grandma 30 second;Kenneth Decio
Pour Yourself a Better Cup of Coffee ☕️;RYZE Superfoods
Ski and ride from $81/day with an EDGE Card. Get 2, 5 or 10 discounted days to use this season.;Whistler Blackcomb
RALPH LAUREN | POLO RALPH LAUREN | DISCOVER THE NEW POLO EST. 67 EAU DE TOILETTE;Ralph Lauren Fragrances
Lucky Charms Luckyverse;Lucky Charms
Bowl to Bar;Nature Valley
YT Premium EMU MIX 1mon ASMR Artist-RemaSelena 06s horiz 1920x1080 16-9 en US USD  PriceUpdates;YouTube
YT Premium EMU MIX 1mon Music Stock 06s horiz 1920x1080 16-9 en US USD  PriceUpdates;YouTube
YTM BAC MAL 1mon Strut Artist-KaneBrown 06s horiz 1920x1080 16-9 en US USD;YouTube Music
YTM BAC MIX 1mon Popcorn Artist-VadimChaimovich 06s horiz 1920x1080 16-9 en US USD;YouTube Music
Matches are made with Amazon Ads;Amazon Ads
VID YouTube 15s NTH H2HNutrish EN NIN LFDD SAS NP NL BBC0351 LM na;Blue Buffalo
The Rescue - 30 Seconds;Seattle Police Department
DIDMZ3091H_Something Is Coming_Now_Price_30;Disney Plus
Progress Comes In Many Flavors | Ben & Jerry's;Ben & Jerry's
23 Native Suncare  INTRO 1 Cutdown 60s 16x9 FNL;Native
Deadpool & Wolverine | Now Playing In Theaters;Marvel Entertainment
APA MHST 4 0 WEB HD 6 | Old Spice Media;Old Spice
Cheerios Sonrisas;Cheerios
FC | Warming Up | :15;KFC
Introducing the Google Pixel 9 Pro;Made by Google
Video Ad;YouTube Ads 308
